dec,fil,ra,Object
-28.43921,g,331.61218333333335,DESIRT 330 20
-28.439694444444445,g,331.61316666666664,DESIRT 330 20
